Parameter,mean,se,upper_CI,lower_CI
evi_intercept,4.246406285961932,0.06675775191513177,4.371599038384794,4.118006706399026
evi_slope,3.9489617560289703,0.24717752070601595,4.439593349691884,3.484174730578786
tau_model,3.35630429641783,0.6410912145963625,5.1299065359402025,2.5319763135455053
tau_sub_pixel[1],221.2950571978791,355.2619906838928,1231.7003663698513,7.369332904471503
tau_sub_pixel[2],1.032560242461441,0.10312999615038039,1.2497436624128726,0.8438693438154292
